{
  "meta": {
    "timestamp": "2026-03-30T17:37:20.091397",
    "version": "v13_llama_rq3",
    "model": "LLaMA-3.1-8B",
    "layer": 22,
    "layers_available": [
      8,
      12,
      22,
      25,
      30
    ],
    "hidden_dim": 4096,
    "n_permutations": 200,
    "cv_folds": 5,
    "random_seed": 42,
    "paradigm_sizes": {
      "SM": 3200,
      "IC": 1600,
      "MW": 3200
    },
    "gemma_v8_reference": {
      "within_bet_auc": {
        "IC_fixed": 0.753,
        "IC_variable": 0.692,
        "SM_variable": 0.805,
        "MW_fixed": 0.617
      },
      "g_prompt_cos": {
        "SM": 0.69,
        "IC": -0.87,
        "MW": -0.79
      },
      "variable_bk_proj_gap": {
        "note": "Variable had BK-proj 1.4-2.0 lower despite higher behavioral risk"
      },
      "prompt_hierarchy_sm": "G > M = W > H >> P"
    }
  },
  "analysis1_within_bettype": {
    "SM": {
      "fixed": {
        "status": "computed",
        "n_total": 1600,
        "n_bk": 7,
        "n_safe": 1593,
        "bk_rate": 0.004375,
        "n_pca_components": 50,
        "auc_mean": 0.9952849904378857,
        "auc_std": 0.007171347989607435,
        "auc_folds": [
          0.9999999999999999,
          0.9968652037617555,
          1.0,
          0.9811320754716981,
          0.9984276729559749
        ],
        "perm_p": 0.0,
        "perm_null_mean": 0.4942527576002152,
        "perm_null_std": 0.10388872486890054,
        "gemma_v8_auc": null
      },
      "variable": {
        "status": "computed",
        "n_total": 1600,
        "n_bk": 1157,
        "n_safe": 443,
        "bk_rate": 0.723125,
        "n_pca_components": 50,
        "auc_mean": 0.8845164951040824,
        "auc_std": 0.025922931998760886,
        "auc_folds": [
          0.8435050940438871,
          0.8793838166144201,
          0.8954229291307942,
          0.8807821392091055,
          0.9234884965222044
        ],
        "perm_p": 0.0,
        "perm_null_mean": 0.5004973212421788,
        "perm_null_std": 0.015150188774267822,
        "gemma_v8_auc": 0.805
      }
    },
    "IC": {
      "fixed": {
        "status": "computed",
        "n_total": 800,
        "n_bk": 65,
        "n_safe": 735,
        "bk_rate": 0.08125,
        "n_pca_components": 50,
        "auc_mean": 0.9290423861852434,
        "auc_std": 0.013679106619899784,
        "auc_folds": [
          0.9455782312925171,
          0.9364207221350078,
          0.9047619047619048,
          0.9262166405023547,
          0.9322344322344323
        ],
        "perm_p": 0.0,
        "perm_null_mean": 0.5010740973312402,
        "perm_null_std": 0.04027120965027686,
        "gemma_v8_auc": 0.753
      },
      "variable": {
        "status": "computed",
        "n_total": 800,
        "n_bk": 77,
        "n_safe": 723,
        "bk_rate": 0.09625,
        "n_pca_components": 50,
        "auc_mean": 0.9377927442528735,
        "auc_std": 0.027252190027754305,
        "auc_folds": [
          0.9485057471264368,
          0.9682758620689655,
          0.9349425287356322,
          0.9496527777777778,
          0.8875868055555555
        ],
        "perm_p": 0.0,
        "perm_null_mean": 0.49934629340230996,
        "perm_null_std": 0.0368829373923877,
        "gemma_v8_auc": 0.692
      }
    },
    "MW": {
      "fixed": {
        "status": "computed",
        "n_total": 1600,
        "n_bk": 1155,
        "n_safe": 445,
        "bk_rate": 0.721875,
        "n_pca_components": 50,
        "auc_mean": 0.964930200885257,
        "auc_std": 0.011959105043994073,
        "auc_folds": [
          0.9554209835108712,
          0.9693321659613794,
          0.9860888175494917,
          0.9606984775524101,
          0.953110559852133
        ],
        "perm_p": 0.0,
        "perm_null_mean": 0.5001180504888371,
        "perm_null_std": 0.015824545422292897,
        "gemma_v8_auc": 0.617
      },
      "variable": {
        "status": "computed",
        "n_total": 1600,
        "n_bk": 1271,
        "n_safe": 329,
        "bk_rate": 0.794375,
        "n_pca_components": 50,
        "auc_mean": 0.9698646463926686,
        "auc_std": 0.009091025303248136,
        "auc_folds": [
          0.9791251885369533,
          0.9658792650918635,
          0.96546170365068,
          0.9573490813648293,
          0.981507993319017
        ],
        "perm_p": 0.0,
        "perm_null_mean": 0.5007382598485265,
        "perm_null_std": 0.018213591837779573,
        "gemma_v8_auc": null
      }
    }
  },
  "analysis2_g_prompt_alignment": {
    "SM": {
      "components": {
        "G": {
          "cos_with_bk_dir": 0.6344959735870361,
          "n_with": 1600,
          "n_without": 1600,
          "bk_rate_with": 0.405625,
          "bk_rate_without": 0.321875,
          "bk_rate_diff": 0.08374999999999999
        },
        "M": {
          "cos_with_bk_dir": 0.16303572058677673,
          "n_with": 1600,
          "n_without": 1600,
          "bk_rate_with": 0.4125,
          "bk_rate_without": 0.315,
          "bk_rate_diff": 0.09749999999999998
        },
        "H": {
          "cos_with_bk_dir": -0.07444244623184204,
          "n_with": 1600,
          "n_without": 1600,
          "bk_rate_with": 0.371875,
          "bk_rate_without": 0.355625,
          "bk_rate_diff": 0.016249999999999987
        },
        "W": {
          "cos_with_bk_dir": 0.03577147424221039,
          "n_with": 1600,
          "n_without": 1600,
          "bk_rate_with": 0.389375,
          "bk_rate_without": 0.338125,
          "bk_rate_diff": 0.05125000000000002
        },
        "P": {
          "cos_with_bk_dir": 0.40015947818756104,
          "n_with": 1600,
          "n_without": 1600,
          "bk_rate_with": 0.37375,
          "bk_rate_without": 0.35375,
          "bk_rate_diff": 0.020000000000000018
        }
      },
      "gemma_v8_g_cos": 0.69,
      "n_bk": 1164,
      "n_safe": 2036,
      "overall_bk_rate": 0.36375
    },
    "IC": {
      "components": {
        "G": {
          "cos_with_bk_dir": 0.2564060688018799,
          "n_with": 800,
          "n_without": 800,
          "bk_rate_with": 0.1075,
          "bk_rate_without": 0.07,
          "bk_rate_diff": 0.03749999999999999
        },
        "M": {
          "cos_with_bk_dir": -0.3096117079257965,
          "n_with": 800,
          "n_without": 800,
          "bk_rate_with": 0.09125,
          "bk_rate_without": 0.08625,
          "bk_rate_diff": 0.0050000000000000044
        }
      },
      "gemma_v8_g_cos": -0.87,
      "n_bk": 142,
      "n_safe": 1458,
      "overall_bk_rate": 0.08875
    },
    "MW": {
      "components": {
        "G": {
          "cos_with_bk_dir": 0.6501516699790955,
          "n_with": 1600,
          "n_without": 1600,
          "bk_rate_with": 0.826875,
          "bk_rate_without": 0.689375,
          "bk_rate_diff": 0.13750000000000007
        },
        "M": {
          "cos_with_bk_dir": 0.12916810810565948,
          "n_with": 1600,
          "n_without": 1600,
          "bk_rate_with": 0.775,
          "bk_rate_without": 0.74125,
          "bk_rate_diff": 0.03375000000000006
        },
        "H": {
          "cos_with_bk_dir": 0.20975451171398163,
          "n_with": 1600,
          "n_without": 1600,
          "bk_rate_with": 0.775625,
          "bk_rate_without": 0.740625,
          "bk_rate_diff": 0.03500000000000003
        },
        "W": {
          "cos_with_bk_dir": 0.07107605040073395,
          "n_with": 1600,
          "n_without": 1600,
          "bk_rate_with": 0.789375,
          "bk_rate_without": 0.726875,
          "bk_rate_diff": 0.0625
        },
        "P": {
          "cos_with_bk_dir": -0.024701209738850594,
          "n_with": 1600,
          "n_without": 1600,
          "bk_rate_with": 0.77375,
          "bk_rate_without": 0.7425,
          "bk_rate_diff": 0.03125
        }
      },
      "gemma_v8_g_cos": -0.79,
      "n_bk": 2426,
      "n_safe": 774,
      "overall_bk_rate": 0.758125
    }
  },