{
  "experiment": "expB_llama_sm",
  "timestamp": "20260408_024212",
  "model": "llama",
  "task": "sm",
  "layer": 22,
  "alpha_values": [
    -2.0,
    -1.0,
    -0.5,
    0.0,
    0.5,
    1.0,
    2.0
  ],
  "n_bk_games": 5,
  "n_rand_games": 3,
  "n_random_dirs": 3,
  "direction_meta": {
    "model": "llama",
    "task": "sm",
    "layer": 22,
    "n_bk": 1164,
    "n_safe": 2036,
    "direction_norm": 1.0454179048538208,
    "pca_top5_variance_ratio": 13.029328560713598,
    "pca_explained_variance_ratio": [
      0.5153821110725403,
      0.1990104764699936,
      0.08472789824008942,
      0.039981260895729065,
      0.02281281352043152
    ]
  },
  "bk_direction": {
    "rho": 0.7671932182792478,
    "rho_no0": 0.7061878636037996,
    "p": 0.044107491028099695,
    "p_no0": 0.11680660694745583,
    "bk_rates": {
      "-2.0": 0.4,
      "-1.0": 0.2,
      "-0.5": 0.4,
      "0.0": 0.4,
      "0.5": 0.8,
      "1.0": 0.6,
      "2.0": 0.6
    },
    "norm": 1.0454179048538208
  },
  "random_controls": [
    {
      "rho": 0.17928429140015908,
      "rho_no0": 0.16903085094570333,
      "bk_rates": {
        "-2.0": 0.6666666666666666,
        "-1.0": 0.3333333333333333,
        "-0.5": 0.3333333333333333,
        "0.0": 0.6666666666666666,
        "0.5": 0.3333333333333333,
        "1.0": 0.3333333333333333,
        "2.0": 1.0
      }
    },
    {
      "rho": -0.09851380077988758,
      "rho_no0": -0.16903085094570333,
      "bk_rates": {
        "-2.0": 1.0,
        "-1.0": 0.3333333333333333,
        "-0.5": 0.6666666666666666,
        "0.0": 0.0,
        "0.5": 0.6666666666666666,
        "1.0": 0.6666666666666666,
        "2.0": 0.6666666666666666
      }
    },
    {
      "rho": 0.8660254037844387,
      "rho_no0": 0.87831006565368,
      "bk_rates": {
        "-2.0": 0.3333333333333333,
        "-1.0": 0.3333333333333333,
        "-0.5": 0.3333333333333333,
        "0.0": 0.3333333333333333,
        "0.5": 0.6666666666666666,
        "1.0": 0.6666666666666666,
        "2.0": 0.6666666666666666
      }
    }
  ],
  "permutation_p": 0.5,
  "permutation_p_no0": 0.5,
  "n_random_with_rho_gt_05": 1,
  "random_abs_rhos_sorted": [
    0.8660254037844387,
    0.17928429140015908,
    0.09851380077988758
  ],
  "baseline_bk": 0.4,
  "verdict": "BK_SIGNIFICANT_NOT_SPECIFIC"
}