{
  "gemma_sm_L24": {
    "A_full_all": -0.008534570022743538,
    "B_cv_all": -0.006886118471359337,
    "C_full_active": -0.008534570022743559,
    "D_cv_active": -0.006886118471359337
  },
  "gemma_mw_L24": {
    "A_full_all": 0.5330627767177443,
    "B_cv_all": 0.5258713343928372,
    "C_full_active": 0.5330627767177443,
    "D_cv_active": 0.5258713343928372
  },
  "llama_sm_L16": {
    "A_full_all": -0.0051321019601192844,
    "B_cv_all": -0.005021928353967331,
    "C_full_active": -0.0051321019601192844,
    "D_cv_active": -0.005021928353967286
  },
  "llama_mw_L16": {
    "A_full_all": 0.8062908203215763,
    "B_cv_all": 0.805701732939416,
    "C_full_active": 0.8062908203215763,
    "D_cv_active": 0.805701732939416
  }
}