{
  "gemma_sm_L24": {
    "real_r2": 0.011837361392381895,
    "null_mean": -0.020778590618880002,
    "null_95th": -0.013631613260345845,
    "p_value": 0.004975124378109453,
    "n_perm": 200,
    "n_samples": 8464,
    "n_games": 1595
  },
  "gemma_mw_L24": {
    "real_r2": 0.056288769128085135,
    "null_mean": -0.018312573047617516,
    "null_95th": -0.011934998237217049,
    "p_value": 0.004975124378109453,
    "n_perm": 200,
    "n_samples": 8948,
    "n_games": 1576
  },
  "llama_sm_L16": {
    "real_r2": 0.030828505444030107,
    "null_mean": -0.0010335055708728328,
    "null_95th": 0.0053652523890489225,
    "p_value": 0.004975124378109453,
    "n_perm": 200,
    "n_samples": 23669,
    "n_games": 1516
  },
  "llama_mw_L16": {
    "real_r2": 0.0681212196249161,
    "null_mean": 0.001681603936670701,
    "null_95th": 0.0047973747223041254,
    "p_value": 0.004975124378109453,
    "n_perm": 200,
    "n_samples": 57220,
    "n_games": 1600
  }
}