{
  "test3": {
    "gemma_ic_L22_vs_mw_L22": {
      "cosine": 0.36753368377685547,
      "null_mean": 0.013991879299283028,
      "null_std": 0.2688722312450409,
      "p_value": 0.23529411764705882
    },
    "gemma_ic_L22_vs_mw_L25": {
      "cosine": 0.18573199212551117,
      "null_mean": 0.01593223586678505,
      "null_std": 0.16660922765731812,
      "p_value": 0.3137254901960784
    },
    "gemma_ic_L22_vs_sm_L22": {
      "cosine": -0.05406935140490532,
      "null_mean": 0.02610437385737896,
      "null_std": 0.22354620695114136,
      "p_value": 0.7843137254901961
    },
    "gemma_ic_L22_vs_sm_L25": {
      "cosine": -0.008268243633210659,
      "null_mean": 0.021602783352136612,
      "null_std": 0.1089489609003067,
      "p_value": 0.8431372549019608
    },
    "gemma_ic_L25_vs_mw_L22": {
      "cosine": 0.1983775943517685,
      "null_mean": -0.004304781090468168,
      "null_std": 0.14638453722000122,
      "p_value": 0.23529411764705882
    },
    "gemma_ic_L25_vs_mw_L25": {
      "cosine": 0.39082568883895874,
      "null_mean": -0.016014747321605682,
      "null_std": 0.25208547711372375,
      "p_value": 0.11764705882352941
    },
    "gemma_ic_L25_vs_sm_L22": {
      "cosine": -0.02375723049044609,
      "null_mean": -0.0005289222463034093,
      "null_std": 0.11787465214729309,
      "p_value": 0.9019607843137255
    },
    "gemma_ic_L25_vs_sm_L25": {
      "cosine": -0.022851787507534027,
      "null_mean": -0.005169978365302086,
      "null_std": 0.2460755854845047,
      "p_value": 0.9607843137254902
    },
    "gemma_mw_L22_vs_sm_L22": {
      "cosine": 0.40061861276626587,
      "null_mean": 0.05118805915117264,
      "null_std": 0.2812272310256958,
      "p_value": 0.2549019607843137
    },
    "gemma_mw_L22_vs_sm_L25": {
      "cosine": 0.2397787868976593,
      "null_mean": 0.008075766265392303,
      "null_std": 0.13978895545005798,
      "p_value": 0.0784313725490196
    },
    "gemma_mw_L25_vs_sm_L22": {
      "cosine": 0.2226206362247467,
      "null_mean": 0.030161865055561066,
      "null_std": 0.1612798124551773,
      "p_value": 0.21568627450980393
    },
    "gemma_mw_L25_vs_sm_L25": {
      "cosine": 0.3630146086215973,
      "null_mean": -0.031311165541410446,
      "null_std": 0.2582094669342041,
      "p_value": 0.13725490196078433
    },
    "llama_ic_L22_vs_mw_L22": {
      "cosine": 0.4798695147037506,
      "null_mean": 0.035192135721445084,
      "null_std": 0.23804710805416107,
      "p_value": 0.0392156862745098
    },
    "llama_ic_L22_vs_mw_L25": {
      "cosine": 0.38134220242500305,
      "null_mean": -0.017733005806803703,
      "null_std": 0.18906177580356598,
      "p_value": 0.0784313725490196
    },
    "llama_ic_L22_vs_sm_L22": {
      "cosine": 0.09019269049167633,
      "null_mean": 0.061344970017671585,
      "null_std": 0.2370535284280777,
      "p_value": 0.7058823529411765
    },
    "llama_ic_L22_vs_sm_L25": {
      "cosine": 0.06746097654104233,
      "null_mean": 0.05199619382619858,
      "null_std": 0.16725371778011322,
      "p_value": 0.8235294117647058
    },
    "llama_ic_L25_vs_mw_L22": {
      "cosine": 0.3833109140396118,
      "null_mean": -0.028543643653392792,
      "null_std": 0.1914491057395935,
      "p_value": 0.0392156862745098
    },
    "llama_ic_L25_vs_mw_L25": {
      "cosine": 0.4710230827331543,
      "null_mean": -0.04914040118455887,
      "null_std": 0.27051204442977905,
      "p_value": 0.09803921568627451
    },
    "llama_ic_L25_vs_sm_L22": {
      "cosine": 0.08593422919511795,
      "null_mean": 0.026838064193725586,
      "null_std": 0.19436025619506836,
      "p_value": 0.6078431372549019
    },
    "llama_ic_L25_vs_sm_L25": {
      "cosine": 0.08932756632566452,
      "null_mean": 0.023629548028111458,
      "null_std": 0.22606396675109863,
      "p_value": 0.7450980392156863
    },
    "llama_mw_L22_vs_sm_L22": {
      "cosine": 0.3265858292579651,
      "null_mean": 0.025430230423808098,
      "null_std": 0.29319676756858826,
      "p_value": 0.27450980392156865
    },
    "llama_mw_L22_vs_sm_L25": {
      "cosine": 0.25328463315963745,
      "null_mean": 0.03438558802008629,
      "null_std": 0.21531662344932556,
      "p_value": 0.2549019607843137
    },
    "llama_mw_L25_vs_sm_L22": {
      "cosine": 0.26315945386886597,
      "null_mean": 0.018809378147125244,
      "null_std": 0.17743374407291412,
      "p_value": 0.13725490196078433
    },
    "llama_mw_L25_vs_sm_L25": {
      "cosine": 0.3264334499835968,
      "null_mean": 0.015273302793502808,
      "null_std": 0.2733670175075531,
      "p_value": 0.23529411764705882
    }
  },
  "test6": {
    "gemma_L8_sm_mw": {
      "cka": 0.0020905339558583824,
      "cka_std": 0.0003994060904483127,
      "layer": 8
    },
    "gemma_L8_sm_ic": {
      "cka": 0.003889191325889037,
      "cka_std": 0.0008354080731389301,
      "layer": 8
    },
    "gemma_L8_mw_ic": {
      "cka": 0.002262947047969516,
      "cka_std": 0.0005012970015206607,
      "layer": 8
    },
    "gemma_L12_sm_mw": {
      "cka": 0.003261911663377824,
      "cka_std": 0.0013188553476359824,
      "layer": 12
    },
    "gemma_L12_sm_ic": {
      "cka": 0.0023894965639877862,
      "cka_std": 0.000605305089632731,
      "layer": 12
    },
    "gemma_L12_mw_ic": {
      "cka": 0.0023301459036944804,
      "cka_std": 0.0010721591267227081,
      "layer": 12
    },
    "gemma_L22_sm_mw": {
      "cka": 0.0027289250851436314,
      "cka_std": 0.0007114940713433808,
      "layer": 22
    },
    "gemma_L22_sm_ic": {
      "cka": 0.0023479274217258457,
      "cka_std": 0.0003839484139222556,
      "layer": 22
    },
    "gemma_L22_mw_ic": {
      "cka": 0.003039686929232554,
      "cka_std": 0.0006022624770675619,
      "layer": 22
    },
    "gemma_L25_sm_mw": {
      "cka": 0.0022529808768479423,
      "cka_std": 0.00030863142601251587,
      "layer": 25
    },
    "gemma_L25_sm_ic": {
      "cka": 0.0017298621988083365,
      "cka_std": 0.0003829501494138932,
      "layer": 25
    },
    "gemma_L25_mw_ic": {
      "cka": 0.003006895209023338,
      "cka_std": 0.000965397262224535,
      "layer": 25
    },
    "gemma_L30_sm_mw": {
      "cka": 0.0020249963492355236,
      "cka_std": 0.00040941227033775625,
      "layer": 30
    },
    "gemma_L30_sm_ic": {
      "cka": 0.002253675751206483,
      "cka_std": 0.0006394816607299172,
      "layer": 30
    },
    "gemma_L30_mw_ic": {
      "cka": 0.0026983374630725134,
      "cka_std": 0.00026274828829508825,
      "layer": 30
    },
    "llama_L8_sm_mw": {
      "cka": 0.0024969565829590494,
      "cka_std": 0.000726979980539513,
      "layer": 8
    },
    "llama_L8_sm_ic": {
      "cka": 0.0027997614980177455,
      "cka_std": 0.0007195738546061293,
      "layer": 8
    },
    "llama_L8_mw_ic": {
      "cka": 0.0025338218433801317,
      "cka_std": 0.0010020355620269379,
      "layer": 8
    },
    "llama_L12_sm_mw": {
      "cka": 0.00190324052203946,
      "cka_std": 0.0003034215164055213,
      "layer": 12
    },
    "llama_L12_sm_ic": {
      "cka": 0.0026731622710141007,
      "cka_std": 0.0010612355059702165,
      "layer": 12
    },
    "llama_L12_mw_ic": {
      "cka": 0.002212797899637165,
      "cka_std": 0.0004491585415667899,
      "layer": 12
    },
    "llama_L22_sm_mw": {
      "cka": 0.002364586777449958,
      "cka_std": 0.0004630038715231224,
      "layer": 22
    },
    "llama_L22_sm_ic": {
      "cka": 0.002225133883846924,
      "cka_std": 0.0006816409770515269,
      "layer": 22
    },
    "llama_L22_mw_ic": {
      "cka": 0.0021909471762179165,
      "cka_std": 0.0005403053899804209,
      "layer": 22
    },
    "llama_L25_sm_mw": {
      "cka": 0.0019725524079621426,
      "cka_std": 0.0009523819687773716,
      "layer": 25
    },
    "llama_L25_sm_ic": {
      "cka": 0.002482515875795194,
      "cka_std": 0.0008454837481520909,
      "layer": 25
    },
    "llama_L25_mw_ic": {
      "cka": 0.0021085772433473903,
      "cka_std": 0.0007628157685760818,