{
  "gemma_sm_L24_i_lc": {
    "config": {
      "model": "gemma",
      "paradigm": "sm",
      "layer": 24,
      "metric": "i_lc"
    },
    "level": 2,
    "grouping": "prompt_conditions",
    "n_samples": 12246,
    "n_prompt_groups": 32,
    "real_r2": 0.22843791120920987,
    "real_fold_r2s": [
      0.21594189924247253,
      0.21407974183222456,
      0.26180555109344816,
      0.2064820212081956,
      0.24388034266970837
    ],
    "n_perms": 5,
    "null_r2_mean": -0.024948653956433208,
    "null_r2_std": 0.0034415198697412405,
    "null_r2_95pct": -0.01992595098286914,
    "null_r2s": [
      -0.01921346499567873,
      -0.028258541131391545,
      -0.02277589493163079,
      -0.027046953006728235,
      -0.02744841571673673
    ],
    "perm_p": 0.16666666666666666
  }
}