{
  "gemma_sm_L24_i_lc": {
    "config": {
      "model": "gemma",
      "paradigm": "sm",
      "layer": 24,
      "metric": "i_lc"
    },
    "level": 2,
    "grouping": "prompt_conditions",
    "n_samples": 12246,
    "n_prompt_groups": 32,
    "real_r2": 0.22843791120920992,
    "real_fold_r2s": [
      0.21594189924247253,
      0.21407974183222478,
      0.26180555109344816,
      0.2064820212081956,
      0.24388034266970848
    ],
    "n_perms": 30,
    "null_r2_mean": -0.02497221821520552,
    "null_r2_std": 0.004256890251700842,
    "null_r2_95pct": -0.018893434587211776,
    "null_r2s": [
      -0.01921346499567873,
      -0.0282585411313915,
      -0.02277589493163066,
      -0.027046953006728235,
      -0.02744841571673673,
      -0.02773932457299395,
      -0.026272453006266704,
      -0.025474614647429485,
      -0.023010057811497387,
      -0.0263382636710928,
      -0.022406715854638957,
      -0.024901889978978176,
      -0.02066699377125363,
      -0.036958770781897334,
      -0.01795357935010573,
      -0.02001774735100854,
      -0.01863159152573881,
      -0.023336082321120298,
      -0.02899585822132571,
      -0.026207603690020998,
      -0.024882190615860188,
      -0.020016877525105326,
      -0.02220811578216777,
      -0.035413643359970416,
      -0.02574190800277374,
      -0.028172562968375246,
      -0.025673753085986028,
      -0.02735544629143911,
      -0.02284616915854625,
      -0.023201063328407257
    ],
    "perm_p": 0.03225806451612903
  },
  "gemma_ic_L24_i_lc": {
    "config": {
      "model": "gemma",
      "paradigm": "ic",
      "layer": 24,
      "metric": "i_lc"
    },
    "level": 2,
    "grouping": "prompt_conditions",
    "n_samples": 5735,
    "n_prompt_groups": 4,
    "real_r2": 0.2028011336220993,
    "real_fold_r2s": [
      0.24478425672831194,
      0.22530700948281046,
      0.11868083364178095,
      0.2224324346354939
    ],
    "n_perms": 30,
    "null_r2_mean": -0.05915992057717265,
    "null_r2_std": 0.015794779762537837,
    "null_r2_95pct": -0.031196382912376704,
    "null_r2s": [
      -0.06250284752278945,
      -0.06086286305456112,
      -0.04977199175143365,
      -0.08369630141188111,
      -0.06732505463581634,
      -0.05527503080000001,
      -0.025992840609078305,
      -0.05239137679931627,
      -0.06951209769138172,
      -0.0634095029593903,
      -0.05255624356328753,
      -0.06249445278417204,
      -0.05547243990631856,
      -0.03021300835310725,
      -0.05678812938617883,
      -0.05737075811605552,
      -0.0734941945230922,
      -0.05569175529591197,
      -0.03287426772486368,
      -0.04779737513103122,
      -0.0659669130645591,
      -0.06995253795968498,
      -0.04805233500675343,
      -0.0323982851514838,
      -0.08339538379056394,
      -0.06261721792024638,
      -0.05224410537123281,
      -0.06810670051061368,
      -0.09320198395736273,
      -0.08336962256301128
    ],
    "perm_p": 0.03225806451612903
  },
  "gemma_mw_L24_i_lc": {
    "config": {
      "model": "gemma",
      "paradigm": "mw",
      "layer": 24,
      "metric": "i_lc"
    },
    "level": 2,
    "grouping": "prompt_conditions",
    "n_samples": 8948,
    "n_prompt_groups": 32,
    "real_r2": 0.1261609288282451,
    "real_fold_r2s": [
      0.12394272081897628,
      0.12696115407706965,
      0.12626618660629385,
      0.12357079179781993,
      0.13006379084106567
    ],
    "n_perms": 30,
    "null_r2_mean": -0.02616908474042524,
    "null_r2_std": 0.005543036558953697,
    "null_r2_95pct": -0.016727805971642962,
    "null_r2s": [
      -0.02573571408976525,
      -0.03168722601733074,
      -0.028470460880305738,
      -0.016979510515224748,
      -0.02167401546662977,
      -0.021384620967677348,
      -0.02868223725768142,
      -0.022295215931009783,
      -0.030549919159289996,
      -0.03333135801368847,
      -0.023120883074966337,
      -0.02841199997731043,
      -0.018035278312186476,
      -0.027659589748852253,
      -0.02631662965914692,
      -0.0309822614771015,
      -0.029898945511956397,
      -0.021479911016795715,
      -0.03427522270286994,
      -0.023828115621230373,
      -0.01574845456107221,
      -0.02798343884463326,
      -0.03274674215267792,
      -0.016583227656997046,
      -0.03505764701261351,
      -0.030056290126983142,
      -0.02568898329194984,
      -0.029206992481183035,
      -0.030297137882973012,
      -0.016904512800654636
    ],
    "perm_p": 0.03225806451612903
  },
  "llama_sm_L16_i_lc": {
    "config": {
      "model": "llama",
      "paradigm": "sm",
      "layer": 16,
      "metric": "i_lc"
    },
    "level": 2,
    "grouping": "prompt_conditions",
    "n_samples": 45551,
    "n_prompt_groups": 32,
    "real_r2": 0.32610903939126806,
    "real_fold_r2s": [
      0.3237042971962587,
      0.3283955736633579,
      0.34649007290219114,
      0.31711642145964936,
      0.31483883173488325
    ],
    "n_perms": 30,
    "null_r2_mean": -0.016900367672314186,
    "null_r2_std": 0.012148106706347781,
    "null_r2_95pct": -0.007254294343060158,
    "null_r2s": [
      -0.008730224539420118,
      -0.019032768257592193,
      -0.009204417658783548,
      -0.015109989694224257,
      -0.006796002890976505,
      -0.015811280934968686,
      -0.012290281739447285,
      -0.012369935069534498,
      -0.02265388756654132,
      -0.0181422716171606,
      -0.011709803674946206,
      -0.007989256293715519,
      -0.01778307876169789,
      -0.049163062589732576,
      -0.005063101207849474,
      -0.01742219718300464,
      -0.010144186724591008,
      -0.018214225476220803,
      -0.011896296055910938,
      -0.012501873297136878,
      -0.02838396287991061,
      -0.01861298414025305,
      -0.009969615643366625,
      -0.00896942053804799,
      -0.06336877382786774,
      -0.011916393609973852,
      -0.007814428340051282,
      -0.030253395538866946,
      -0.015092035895326284,
      -0.01060187852230623
    ],
    "perm_p": 0.03225806451612903
  },
  "llama_ic_L16_i_lc": {
    "config": {
      "model": "llama",
      "paradigm": "ic",
      "layer": 16,
      "metric": "i_lc"
    },
    "level": 2,
    "grouping": "prompt_conditions",
    "n_samples": 2064,
    "n_prompt_groups": 4,
    "real_r2": 0.06129113910464859,
    "real_fold_r2s": [
      0.12992446710238081,
      0.0005795539815313111,
      -0.010109296861299688,
      0.12476983219598192
    ],
    "n_perms": 30,
    "null_r2_mean": -0.16355461153064696,
    "null_r2_std": 0.16072406250724014,
    "null_r2_95pct": -0.06067057650719903,
    "null_r2s": [
      -0.07229420007805104,
      -0.06149499875302139,
      -0.11284409188215533,
      -0.0636966143690092,
      -0.0995055963763058,
      -0.1504887005392725,
      -0.4425005239006318,
      -0.11729697647585147,
      -0.8433304531540288,
      -0.04415409398371539,
      -0.15846109880753517,
      -0.0697200588685522,
      -0.08621273370998411,
      -0.09323023205567793,
      -0.17714593138203755,
      -0.0717562960450549,
      -0.09715362714377382,
      -0.10154518872340318,
      -0.1266539863288088,
      -0.27434880391457733,
      -0.4203516759156145,
      -0.06264704110111624,
      -0.05999604921516255,
      -0.32890345162106,
      -0.18449845697125133,
      -0.1815032141866746,
      -0.10643317266065894,
      -0.13064133338350264,
      -0.10463907823342222,
      -0.06319066613949753
    ],
    "perm_p": 0.03225806451612903
  },
  "llama_mw_L16_i_lc": {
    "config": {
      "model": "llama",
      "paradigm": "mw",
      "layer": 16,
      "metric": "i_lc"
    },
    "level": 2,
    "grouping": "prompt_conditions",
    "n_samples": 57220,
    "n_prompt_groups": 32,
    "real_r2": 0.314173642368263,
    "real_fold_r2s": [
      0.31701198576764433,
      0.3049526355204184,
      0.30970466962357,
      0.3195130141476905,
      0.31968590678199205
    ],
    "n_perms": 30,
    "null_r2_mean": -0.015364982551222761,
    "null_r2_std": 0.01519366016278115,