{
  "h1_h2": {
    "h1_var_mean_rho": 0.4433381231564467,
    "h1_var_median_rho": 0.5637338616386292,
    "h1_p": 3.124393779809846e-251,
    "h2_fix_mean_rho": 0.11362086122422502,
    "h2_observed_diff": 0.32971726193222173,
    "h2_perm_p": 0.0,
    "n_var": 1510,
    "n_fix": 1405
  },
  "h3": {
    "n_paired": 1399,
    "mean_delta_loss": 0.06575665406788955,
    "mean_delta_win": -0.04765433429191479,
    "wilcoxon_p": 4.4845714916885346e-160
  }
}