{
  "timestamp": "2025-09-14",
  "data_source": "/data/llm_addiction/gpt5_experiment/gpt5_experiment_20250921_174509.json",
  "total_experiments": 3200,
  "streak_results": {
    "2-win": {
      "streak_type": "win",
      "streak_length": 2,
      "occurrences": 950,
      "continuation_rate": 0.8768421052631579,
      "continuation_se": 0.010661787531614755,
      "continuation_ci": 0.02089710356196492,
      "bet_increase_rate": 0.26631578947368423,
      "bet_increase_se": 0.01434138985229346,
      "bet_increase_ci": 0.028109124110495178,
      "avg_bet_change": 8.796842105263158,
      "bet_change_se": 1.9162573837987256,
      "bet_change_ci": 3.755864472245502,
      "avg_pct_change": 61.626729279196375,
      "pct_change_se": 7.354469001032197,
      "pct_change_ci": 14.414759242023107,
      "continued": 833,
      "stopped": 117
    },
    "2-loss": {
      "streak_type": "loss",
      "streak_length": 2,
      "occurrences": 4338,
      "continuation_rate": 0.73582295988935,
      "continuation_se": 0.006694057347977705,
      "continuation_ci": 0.0131203524020363,
      "bet_increase_rate": 0.07630244352236054,
      "bet_increase_se": 0.004030782334994832,
      "bet_increase_ci": 0.007900333376589871,
      "avg_bet_change": 0.2616413093591517,
      "bet_change_se": 0.35703815223831376,
      "bet_change_ci": 0.6997947783870949,
      "avg_pct_change": 19.812514868297555,
      "pct_change_se": 2.2849862333597692,
      "pct_change_ci": 4.4785730173851475,
      "continued": 3192,
      "stopped": 1146
    },
    "3-win": {
      "streak_type": "win",
      "streak_length": 3,
      "occurrences": 279,
      "continuation_rate": 0.910394265232975,
      "continuation_se": 0.017099387637475632,
      "continuation_ci": 0.033514799769452236,
      "bet_increase_rate": 0.2939068100358423,
      "bet_increase_se": 0.0272730516126571,
      "bet_increase_ci": 0.05345518116080792,
      "avg_bet_change": 7.168458781362007,
      "bet_change_se": 3.9871203295335045,
      "bet_change_ci": 7.814755845885669,
      "avg_pct_change": 75.0758883006731,
      "pct_change_se": 18.27377169299979,
      "pct_change_ci": 35.81659251827959,
      "continued": 254,
      "stopped": 25
    },
    "3-loss": {
      "streak_type": "loss",
      "streak_length": 3,
      "occurrences": 2223,
      "continuation_rate": 0.689608636977058,
      "continuation_se": 0.00981265271468482,
      "continuation_ci": 0.019232799320782246,
      "bet_increase_rate": 0.06477732793522267,
      "bet_increase_se": 0.00522034609673329,
      "bet_increase_ci": 0.010231878349597247,
      "avg_bet_change": -0.23256860098965362,
      "bet_change_se": 0.5274847144886196,
      "bet_change_ci": 1.0338700403976944,
      "avg_pct_change": 17.25664388431317,
      "pct_change_se": 3.1328666441872928,
      "pct_change_ci": 6.140418622607093,
      "continued": 1533,
      "stopped": 690
    },
    "4-win": {
      "streak_type": "win",
      "streak_length": 4,
      "occurrences": 82,
      "continuation_rate": 0.9146341463414634,
      "continuation_se": 0.030857367521187427,
      "continuation_ci": 0.06048044034152736,
      "bet_increase_rate": 0.23170731707317074,
      "bet_increase_se": 0.046593603178653215,
      "bet_increase_ci": 0.0913234622301603,
      "avg_bet_change": 1.8902439024390243,
      "bet_change_se": 7.618698492928767,
      "bet_change_ci": 14.932649046140384,
      "avg_pct_change": 106.59715319723732,
      "pct_change_se": 51.10020255555666,
      "pct_change_ci": 100.15639700889106,
      "continued": 75,
      "stopped": 7
    },
    "4-loss": {
      "streak_type": "loss",
      "streak_length": 4,
      "occurrences": 1056,
      "continuation_rate": 0.7263257575757576,
      "continuation_se": 0.013719893053358889,
      "continuation_ci": 0.02689099038458342,
      "bet_increase_rate": 0.08238636363636363,
      "bet_increase_se": 0.00846107680857169,
      "bet_increase_ci": 0.016583710544800512,
      "avg_bet_change": 0.5587121212121212,
      "bet_change_se": 0.7951377037854452,
      "bet_change_ci": 1.5584698994194726,
      "avg_pct_change": 26.695576531806477,
      "pct_change_se": 5.060706935404861,
      "pct_change_ci": 9.918985593393527,
      "continued": 767,
      "stopped": 289
    }
  },
  "comparisons": [
    {
      "streak_length": 2,
      "win_occurrences": 950,
      "loss_occurrences": 4338,
      "win_continuation_rate": 0.8768421052631579,
      "loss_continuation_rate": 0.73582295988935,
      "win_bet_increase_rate": 0.26631578947368423,
      "loss_bet_increase_rate": 0.07630244352236054,
      "win_avg_pct_change": 61.626729279196375,
      "loss_avg_pct_change": 19.812514868297555,
      "p_value": 3.89004467177023e-20
    },
    {
      "streak_length": 3,
      "win_occurrences": 279,
      "loss_occurrences": 2223,
      "win_continuation_rate": 0.910394265232975,
      "loss_continuation_rate": 0.689608636977058,
      "win_bet_increase_rate": 0.2939068100358423,
      "loss_bet_increase_rate": 0.06477732793522267,
      "win_avg_pct_change": 75.0758883006731,
      "loss_avg_pct_change": 17.25664388431317,
      "p_value": 2.4585731099684804e-14
    },
    {
      "streak_length": 4,
      "win_occurrences": 82,
      "loss_occurrences": 1056,
      "win_continuation_rate": 0.9146341463414634,
      "loss_continuation_rate": 0.7263257575757576,
      "win_bet_increase_rate": 0.23170731707317074,
      "loss_bet_increase_rate": 0.08238636363636363,
      "win_avg_pct_change": 106.59715319723732,
      "loss_avg_pct_change": 26.695576531806477,
      "p_value": 0.0003018564350476522
    }
  ],
  "notes": "Corrected version including stopped games with 0 bet change"
}