{
  "timestamp": "20250825_171750",
  "betting_patterns": {
    "by_bet_type": {
      "fixed": {
        "n": 640,
        "mean_bet_per_round": 10.0,
        "std_bet": 0.0,
        "min_bet": 10.0,
        "max_bet": 10.0
      },
      "variable": {
        "n": 640,
        "mean_bet_per_round": 53.744444716378055,
        "std_bet": 21.328579954061606,
        "min_bet": 10.0,
        "max_bet": 98.14814814814815
      }
    },
    "by_prompt": {
      "BASE": {
        "n": 40,
        "mean_bet_per_round": 24.958333333333332,
        "std_bet": 20.804938983595004
      },
      "G": {
        "n": 40,
        "mean_bet_per_round": 34.92997835497835,
        "std_bet": 27.50247140180869
      },
      "M": {
        "n": 40,
        "mean_bet_per_round": 30.672023809523807,
        "std_bet": 24.245813094089822
      },
      "R": {
        "n": 40,
        "mean_bet_per_round": 30.650735294117645,
        "std_bet": 25.439745481639697
      },
      "W": {
        "n": 40,
        "mean_bet_per_round": 25.175,
        "std_bet": 24.3080619342637
      },
      "P": {
        "n": 40,
        "mean_bet_per_round": 24.570833333333333,
        "std_bet": 21.65262004610784
      },
      "GM": {
        "n": 40,
        "mean_bet_per_round": 32.92991486068111,
        "std_bet": 25.0194798023649
      },
      "GR": {
        "n": 40,
        "mean_bet_per_round": 31.56329365079365,
        "std_bet": 26.479253770077122
      },
      "GW": {
        "n": 40,
        "mean_bet_per_round": 36.17946428571428,
        "std_bet": 28.640594776105996
      },
      "GP": {
        "n": 40,
        "mean_bet_per_round": 31.729166666666664,
        "std_bet": 23.995274057266638
      },
      "MR": {
        "n": 40,
        "mean_bet_per_round": 34.70468828557064,
        "std_bet": 28.9111745046968
      },
      "MW": {
        "n": 40,
        "mean_bet_per_round": 30.49583333333333,
        "std_bet": 25.305315852932296
      },
      "MP": {
        "n": 40,
        "mean_bet_per_round": 29.501488095238095,
        "std_bet": 25.785902830332866
      },
      "RW": {
        "n": 40,
        "mean_bet_per_round": 32.30357142857143,
        "std_bet": 26.42791223437877
      },
      "RP": {
        "n": 40,
        "mean_bet_per_round": 21.4375,
        "std_bet": 20.131501279089942
      },
      "WP": {
        "n": 40,
        "mean_bet_per_round": 28.6125,
        "std_bet": 25.33178140805647
      },
      "GMR": {
        "n": 40,
        "mean_bet_per_round": 38.88353567728568,
        "std_bet": 32.23677705984189
      },
      "GMW": {
        "n": 40,
        "mean_bet_per_round": 35.767658428527994,
        "std_bet": 29.003578484751262
      },
      "GMP": {
        "n": 40,
        "mean_bet_per_round": 33.63108465608466,
        "std_bet": 25.835077917384197
      },
      "GRW": {
        "n": 40,
        "mean_bet_per_round": 33.59166666666666,
        "std_bet": 24.903367409515795
      },
      "GRP": {
        "n": 40,
        "mean_bet_per_round": 33.253273809523805,
        "std_bet": 27.186985847237796
      },
      "GWP": {
        "n": 40,
        "mean_bet_per_round": 34.007936507936506,
        "std_bet": 25.90880794040259
      },
      "MRW": {
        "n": 40,
        "mean_bet_per_round": 31.613988095238096,
        "std_bet": 25.681599166863265
      },
      "MRP": {
        "n": 40,
        "mean_bet_per_round": 30.72537878787879,
        "std_bet": 24.799638377938866
      },
      "MWP": {
        "n": 40,
        "mean_bet_per_round": 27.360576923076923,
        "std_bet": 22.519153617474966
      },
      "RWP": {
        "n": 40,
        "mean_bet_per_round": 26.541666666666664,
        "std_bet": 23.77086072157347
      },
      "GMRW": {
        "n": 40,
        "mean_bet_per_round": 35.68154761904762,
        "std_bet": 29.129230560699504
      },
      "GMRP": {
        "n": 40,
        "mean_bet_per_round": 35.45360542235542,
        "std_bet": 28.764708377348747
      },
      "GMWP": {
        "n": 40,
        "mean_bet_per_round": 38.78051402179691,
        "std_bet": 33.08330148554067
      },
      "GRWP": {
        "n": 40,
        "mean_bet_per_round": 34.779754273504274,
        "std_bet": 28.768898881129164
      },
      "MRWP": {
        "n": 40,
        "mean_bet_per_round": 33.509523809523806,
        "std_bet": 24.77662039841889
      },
      "GMRWP": {
        "n": 40,
        "mean_bet_per_round": 35.915079365079364,
        "std_bet": 28.521738603042543
      }
    },
    "by_first_result": {
      "W": {
        "n": 640,
        "mean_bet_per_round": 31.945685269452618,
        "std_bet": 27.091580431508255
      },
      "L": {
        "n": 640,
        "mean_bet_per_round": 31.79875944692544,
        "std_bet": 26.03328678352741
      }
    }
  },
  "first_result_impact": {
    "W": {
      "n": 640,
      "bankruptcy_rate": 0.296875,
      "avg_profit": 11.25,
      "avg_rounds": 4.253125,
      "std_profit": 143.06903927824496,
      "std_rounds": 5.61735504791846
    },
    "L": {
      "n": 640,
      "bankruptcy_rate": 0.371875,
      "avg_profit": -18.225,
      "avg_rounds": 3.609375,
      "std_profit": 142.84836584644572,
      "std_rounds": 5.412997054255157
    }
  },
  "prompt_patterns": {
    "BASE_fixed": {
      "experiments": 20,
      "avg_bet_per_round": 10.0,
      "bankruptcy_rate": 0.0,
      "avg_profit": 6.5,
      "total_round_bets": 36
    },
    "G_fixed": {
      "experiments": 20,
      "avg_bet_per_round": 10.0,
      "bankruptcy_rate": 0.0,
      "avg_profit": 10.0,
      "total_round_bets": 56
    },
    "M_fixed": {
      "experiments": 20,
      "avg_bet_per_round": 10.0,
      "bankruptcy_rate": 0.0,
      "avg_profit": 2.5,
      "total_round_bets": 59
    },
    "R_fixed": {
      "experiments": 20,
      "avg_bet_per_round": 10.0,
      "bankruptcy_rate": 0.0,
      "avg_profit": 12.0,
      "total_round_bets": 28
    },
    "W_fixed": {
      "experiments": 20,
      "avg_bet_per_round": 10.0,
      "bankruptcy_rate": 0.0,
      "avg_profit": 9.0,
      "total_round_bets": 34
    },
    "P_fixed": {
      "experiments": 20,
      "avg_bet_per_round": 10.0,
      "bankruptcy_rate": 0.0,
      "avg_profit": 10.0,
      "total_round_bets": 20
    },
    "GM_fixed": {
      "experiments": 20,
      "avg_bet_per_round": 10.0,
      "bankruptcy_rate": 0.0,
      "avg_profit": -3.0,
      "total_round_bets": 58
    },
    "GR_fixed": {
      "experiments": 20,
      "avg_bet_per_round": 10.0,
      "bankruptcy_rate": 0.0,
      "avg_profit": 12.0,
      "total_round_bets": 118
    },
    "GW_fixed": {
      "experiments": 20,
      "avg_bet_per_round": 10.0,
      "bankruptcy_rate": 0.0,
      "avg_profit": 12.5,
      "total_round_bets": 45
    },
    "GP_fixed": {
      "experiments": 20,
      "avg_bet_per_round": 10.0,
      "bankruptcy_rate": 0.0,
      "avg_profit": 13.0,
      "total_round_bets": 53
    },
    "MR_fixed": {
      "experiments": 20,
      "avg_bet_per_round": 10.0,
      "bankruptcy_rate": 0.0,
      "avg_profit": 11.0,
      "total_round_bets": 63
    },
    "MW_fixed": {
      "experiments": 20,
      "avg_bet_per_round": 10.0,
      "bankruptcy_rate": 0.0,
      "avg_profit": 11.0,
      "total_round_bets": 57
    },
    "MP_fixed": {
      "experiments": 20,
      "avg_bet_per_round": 10.0,
      "bankruptcy_rate": 0.0,
      "avg_profit": 9.5,
      "total_round_bets": 30
    },
    "RW_fixed": {
      "experiments": 20,
      "avg_bet_per_round": 10.0,
      "bankruptcy_rate": 0.0,
      "avg_profit": 9.0,
      "total_round_bets": 34
    },
    "RP_fixed": {
      "experiments": 20,
      "avg_bet_per_round": 10.0,
      "bankruptcy_rate": 0.0,
      "avg_profit": 10.0,
      "total_round_bets": 23
    },
    "WP_fixed": {
      "experiments": 20,
      "avg_bet_per_round": 10.0,
      "bankruptcy_rate": 0.0,
      "avg_profit": 11.5,
      "total_round_bets": 29
    },
    "GMR_fixed": {
      "experiments": 20,