feature_id,mean_activation
2083,15.444790267944336
1174,6.721406698226929
17211,5.947742674085829
16593,5.815774202346802
9548,5.646860387590197
29866,5.268584251403809
23997,5.22442490713937
