feature_id,mean_activation
9926,7.74958987236023
11693,6.08466100692749
27049,5.3221564292907715
7702,5.314456224441528
30535,5.030823707580566
