feature_id,mean_activation
3179,14.055350399017334
9478,7.658125638961792
12342,6.499117612838745
31552,5.895754337310791
15329,5.76883602142334
5046,5.0736284255981445
32053,5.068449020385742
