feature_id,mean_activation
2083,15.98135004043579
21125,11.39712963104248
21857,8.33223369386461
16593,7.136661450068156
5334,5.1475255489349365
918,5.064780235290527
