feature_id,mean_activation
3179,17.76976351737976
6245,9.05049557156033
9478,8.241352033615112
11627,6.705355644226074
9818,5.414824396371841
21262,5.150029182434082
5739,5.019665002822876
