feature_id,mean_activation
9926,9.027935123443603
29856,5.506563663482666
