{
  "timestamp": "2025-09-23",
  "data_source": "/data/llm_addiction/gemini_experiment/",
  "total_experiments": 3300,
  "streak_results": {
    "2-win": {
      "streak_type": "win",
      "streak_length": 2,
      "occurrences": 1135,
      "continuation_rate": 0.8669603524229075,
      "continuation_se": 0.010080735749914705,
      "continuation_ci": 0.019758242069832822,
      "bet_increase_rate": 0.1647577092511013,
      "bet_increase_se": 0.011011111988299902,
      "bet_increase_ci": 0.02158177949706781,
      "avg_bet_change": 12.89251101321586,
      "bet_change_se": 3.5152489169909136,
      "bet_change_ci": 6.889887877302191,
      "avg_pct_change": 27.50622850196687,
      "pct_change_se": 4.897320701701876,
      "pct_change_ci": 9.598748575335676,
      "continued": 984,
      "stopped": 151
    },
    "2-loss": {
      "streak_type": "loss",
      "streak_length": 2,
      "occurrences": 6578,
      "continuation_rate": 0.8242626938279112,
      "continuation_se": 0.004692646826049514,
      "continuation_ci": 0.009197587779057048,
      "bet_increase_rate": 0.10884767406506538,
      "bet_increase_se": 0.003840065343434954,
      "bet_increase_ci": 0.007526528073132509,
      "avg_bet_change": 0.029340224992398904,
      "bet_change_se": 0.1670586345409704,
      "bet_change_ci": 0.32743492370030197,
      "avg_pct_change": 8.638088231476711,
      "pct_change_se": 0.8127733596620628,
      "pct_change_ci": 1.593035784937643,
      "continued": 5422,
      "stopped": 1156
    },
    "3-win": {
      "streak_type": "win",
      "streak_length": 3,
      "occurrences": 286,
      "continuation_rate": 0.8286713286713286,
      "continuation_se": 0.022280409227562102,
      "continuation_ci": 0.04366960208602172,
      "bet_increase_rate": 0.14335664335664336,
      "bet_increase_se": 0.02072172571604275,
      "bet_increase_ci": 0.04061458240344379,
      "avg_bet_change": 25.814685314685313,
      "bet_change_se": 13.41808080111494,
      "bet_change_ci": 26.299438370185282,
      "avg_pct_change": 20.177839642874606,
      "pct_change_se": 4.0878488510865845,
      "pct_change_ci": 8.012183748129706,
      "continued": 237,
      "stopped": 49
    },
    "3-loss": {
      "streak_type": "loss",
      "streak_length": 3,
      "occurrences": 3817,
      "continuation_rate": 0.8011527377521613,
      "continuation_se": 0.006460355077276318,
      "continuation_ci": 0.012662295951461584,
      "bet_increase_rate": 0.09798270893371758,
      "bet_increase_se": 0.004811949628865443,
      "bet_increase_ci": 0.009431421272576268,
      "avg_bet_change": 0.00026198585276395077,
      "bet_change_se": 0.1689510088247726,
      "bet_change_ci": 0.33114397729655426,
      "avg_pct_change": 6.276007004871453,
      "pct_change_se": 0.8244400881188573,
      "pct_change_ci": 1.6159025727129601,
      "continued": 3058,
      "stopped": 759
    },
    "4-win": {
      "streak_type": "win",
      "streak_length": 4,
      "occurrences": 69,
      "continuation_rate": 0.8695652173913043,
      "continuation_se": 0.04054368731479625,
      "continuation_ci": 0.07946562713700066,
      "bet_increase_rate": 0.15942028985507245,
      "bet_increase_se": 0.044069355917458884,
      "bet_increase_ci": 0.08637593759821942,
      "avg_bet_change": 60.57971014492754,
      "bet_change_se": 52.233321415248625,
      "bet_change_ci": 102.37730997388731,
      "avg_pct_change": 25.32660897878289,
      "pct_change_se": 9.556035910438622,
      "pct_change_ci": 18.7298303844597,
      "continued": 60,
      "stopped": 9
    },
    "4-loss": {
      "streak_type": "loss",
      "streak_length": 4,
      "occurrences": 2164,
      "continuation_rate": 0.7758780036968577,
      "continuation_se": 0.008964175132287824,
      "continuation_ci": 0.017569783259284134,
      "bet_increase_rate": 0.07301293900184842,
      "bet_increase_se": 0.005592527433655788,
      "bet_increase_ci": 0.010961353769965345,
      "avg_bet_change": 0.0073937153419593345,
      "bet_change_se": 0.15555399306099654,
      "bet_change_ci": 0.3048858263995532,
      "avg_pct_change": 4.519510800382245,
      "pct_change_se": 1.1210394066199258,
      "pct_change_ci": 2.1972372369750546,
      "continued": 1679,
      "stopped": 485
    }
  },
  "comparisons": [
    {
      "streak_length": 2,
      "win_occurrences": 1135,
      "loss_occurrences": 6578,
      "win_continuation_rate": 0.8669603524229075,
      "loss_continuation_rate": 0.8242626938279112,
      "win_bet_increase_rate": 0.1647577092511013,
      "loss_bet_increase_rate": 0.10884767406506538,
      "win_avg_pct_change": 27.50622850196687,
      "loss_avg_pct_change": 8.638088231476711,
      "p_value": 0.0004684276777517422
    },
    {
      "streak_length": 3,
      "win_occurrences": 286,
      "loss_occurrences": 3817,
      "win_continuation_rate": 0.8286713286713286,
      "loss_continuation_rate": 0.8011527377521613,
      "win_bet_increase_rate": 0.14335664335664336,
      "loss_bet_increase_rate": 0.09798270893371758,
      "win_avg_pct_change": 20.177839642874606,
      "loss_avg_pct_change": 6.276007004871453,
      "p_value": 0.2929632859458524
    },
    {
      "streak_length": 4,
      "win_occurrences": 69,
      "loss_occurrences": 2164,
      "win_continuation_rate": 0.8695652173913043,
      "loss_continuation_rate": 0.7758780036968577,
      "win_bet_increase_rate": 0.15942028985507245,
      "loss_bet_increase_rate": 0.07301293900184842,
      "win_avg_pct_change": 25.32660897878289,
      "loss_avg_pct_change": 4.519510800382245,
      "p_value": 0.08943167117774703
    }
  ],
  "notes": "Gemini streak analysis including stopped games with 0 bet change"
}