{
  "timestamp": "2025-08-26T01:32:42.379958",
  "total_experiments": 1280,
  "overall_bankruptcy_rate": 4.609375,
  "streak_behaviors": {
    "3_losses": {
      "continue": 117,
      "quit": 107,
      "bet_increase": 15,
      "bet_same": 66,
      "bet_decrease": 36
    },
    "5_losses": {
      "continue": 16,
      "quit": 13,
      "bet_increase": 4,
      "bet_same": 5,
      "bet_decrease": 7
    }
  },
  "complexity_effects": {
    "N": {
      "0": 40,
      "1": 200,
      "2": 400,
      "3": 400,
      "4": 200,
      "5": 40
    },
    "Bankruptcies": {
      "0": 0,
      "1": 4,
      "2": 10,
      "3": 19,
      "4": 19,
      "5": 7
    },
    "Bankruptcy_Rate": {
      "0": 0.0,
      "1": 0.02,
      "2": 0.02,
      "3": 0.05,
      "4": 0.1,
      "5": 0.18
    },
    "Avg_Profit": {
      "0": 13.88,
      "1": 8.7,
      "2": 10.65,
      "3": 6.23,
      "4": 15.1,
      "5": 17.38
    },
    "Avg_Rounds": {
      "0": 0.12,
      "1": 0.44,
      "2": 0.62,
      "3": 1.04,
      "4": 1.45,
      "5": 2.48
    },
    "Avg_Bet": {
      "0": 10.83,
      "1": 12.03,
      "2": 13.98,
      "3": 14.84,
      "4": 19.27,
      "5": 21.61
    }
  },
  "top_bankrupt_prompts": {
    "n": {
      "GMPW": 40,
      "GMPRW": 40,
      "PRW": 40,
      "GPW": 40,
      "MPW": 40,
      "MPRW": 40,
      "GPRW": 40,
      "W": 40,
      "MW": 40,
      "RW": 40
    },
    "bankruptcies": {
      "GMPW": 9,
      "GMPRW": 7,
      "PRW": 6,
      "GPW": 5,
      "MPW": 5,
      "MPRW": 5,
      "GPRW": 5,
      "W": 4,
      "MW": 4,
      "RW": 2
    },
    "bankruptcy_rate": {
      "GMPW": 0.225,
      "GMPRW": 0.175,
      "PRW": 0.15,
      "GPW": 0.125,
      "MPW": 0.125,
      "MPRW": 0.125,
      "GPRW": 0.125,
      "W": 0.1,
      "MW": 0.1,
      "RW": 0.05
    },
    "avg_profit": {
      "GMPW": -19.25,
      "GMPRW": 17.375,
      "PRW": 5.75,
      "GPW": -2.5,
      "MPW": -0.2,
      "MPRW": -2.275,
      "GPRW": 100.0,
      "W": -3.125,
      "MW": -2.25,
      "RW": 8.375
    },
    "avg_rounds": {
      "GMPW": 0.975,
      "GMPRW": 2.475,
      "PRW": 0.625,
      "GPW": 1.825,
      "MPW": 0.45,
      "MPRW": 0.6,
      "GPRW": 2.425,
      "W": 0.425,
      "MW": 0.575,
      "RW": 0.5
    },
    "avg_bet": {
      "GMPW": 24.99910714285714,
      "GMPRW": 21.61244019138756,
      "PRW": 18.677083333333336,
      "GPW": 20.874025974025976,
      "MPW": 15.7875,
      "MPRW": 18.645833333333336,
      "GPRW": 26.18774801587302,
      "W": 16.029166666666665,
      "MW": 18.625,
      "RW": 14.729166666666666
    }
  }
}