gpu,feature_key,layer,feature_id,original_cohen_d,safe_stop_effect,risky_stop_effect,risky_bankruptcy_effect,risky_bet_effect
gpu4,L30-15834,30,15834,0.8049461383750548,0.0,-0.06666666666666665,-0.1,-17.705882352941178
gpu4,L30-2537,30,2537,-0.8044117778891653,0.06666666666666667,0.033333333333333326,-0.16666666666666666,-27.690476190476193
gpu5,L31-21390,31,21390,-0.8081177839806158,0.0,-0.26666666666666666,-0.23333333333333334,-21.666666666666668
